{
  "version": 1,
  "author": "Putri Zamzami Rizkiani",
  "editor": "wokwi",
  "parts": [
    { "type": "board-esp32-devkit-c-v4", "id": "esp", "top": -86.4, "left": 24.04, "attrs": {} },
    { "type": "wokwi-dht22", "id": "dht1", "top": 48.3, "left": -130.2, "attrs": {} },
    {
      "type": "board-ssd1306",
      "id": "oled1",
      "top": 3.14,
      "left": 201.83,
      "attrs": { "i2cAddress": "0x3c" }
    },
    {
      "type": "wokwi-photoresistor-sensor",
      "id": "ldr1",
      "top": -121.6,
      "left": -220,
      "attrs": {}
    }
  ],
  "connections": [
    [ "esp:TX", "$serialMonitor:RX", "", [] ],
    [ "esp:RX", "$serialMonitor:TX", "", [] ],
    [ "oled1:VCC", "esp:3V3", "red", [ "v-38.4", "h-192" ] ],
    [ "oled1:GND", "esp:GND.2", "black", [ "v-28.8", "h-86.4" ] ],
    [ "oled1:SCL", "esp:22", "green", [ "v-9.6", "h0.3", "v-38.4" ] ],
    [ "oled1:SDA", "esp:21", "green", [ "v-19.2", "h-86.33", "v96" ] ],
    [ "dht1:VCC", "esp:3V3", "red", [ "v9.6", "h124.8", "v-230.4" ] ],
    [ "dht1:SDA", "esp:15", "green", [ "v19.2", "h240.1", "v-96" ] ],
    [ "dht1:GND", "esp:GND.2", "black", [ "h67.2", "v-259.2", "h134.4" ] ],
    [ "ldr1:VCC", "esp:3V3", "red", [ "h0" ] ],
    [ "ldr1:GND", "esp:GND.2", "black", [ "h0" ] ],
    [ "ldr1:DO", "esp:14", "green", [ "h0" ] ],
    [ "ldr1:AO", "esp:12", "green", [ "h0" ] ]
  ],
  "dependencies": {}
}