{
  "version": 1,
  "author": "Ilham Nafi'",
  "editor": "wokwi",
  "parts": [
    { "type": "board-esp32-devkit-c-v4", "id": "esp", "top": 0, "left": 33.64, "attrs": {} },
    {
      "type": "wokwi-lcd2004",
      "id": "lcd1",
      "top": -339.2,
      "left": 226.4,
      "attrs": { "pins": "i2c" }
    },
    {
      "type": "wokwi-pushbutton-6mm",
      "id": "btn1",
      "top": 36.2,
      "left": -115.2,
      "attrs": { "color": "blue", "xray": "1", "label": "Plastik" }
    },
    {
      "type": "wokwi-pushbutton-6mm",
      "id": "btn2",
      "top": 84.2,
      "left": -115.2,
      "attrs": { "color": "red", "xray": "1", "label": "Kertas" }
    },
    {
      "type": "wokwi-pushbutton-6mm",
      "id": "btn3",
      "top": 132.2,
      "left": -115.2,
      "attrs": { "color": "green", "xray": "1", "label": "Organik" }
    },
    {
      "type": "wokwi-hc-sr04",
      "id": "ultrasonic1",
      "top": -238.5,
      "left": -71.3,
      "attrs": { "distance": "10" }
    },
    { "type": "wokwi-servo", "id": "servo1", "top": 305.2, "left": 28.8, "attrs": {} },
    {
      "type": "wokwi-hx711",
      "id": "cell1",
      "top": 79.4,
      "left": 319.4,
      "attrs": { "type": "5kg" }
    },
    {
      "type": "wokwi-hx711",
      "id": "cell2",
      "top": -45.4,
      "left": 319.4,
      "attrs": { "type": "5kg" }
    },
    {
      "type": "wokwi-hx711",
      "id": "cell3",
      "top": 194.6,
      "left": 319.4,
      "attrs": { "type": "5kg" }
    },
    { "type": "wokwi-dht22", "id": "dht1", "top": 297.9, "left": 359.4, "attrs": {} }
  ],
  "connections": [
    [ "lcd1:SDA", "esp:21", "blue", [ "h-38.4", "v365" ] ],
    [ "lcd1:GND", "esp:GND.2", "black", [ "h-57.6", "v336", "h-38.4" ] ],
    [ "lcd1:VCC", "esp:5V", "red", [ "h-48", "v518.5", "h-182.4", "v-19.2" ] ],
    [ "lcd1:SCL", "esp:22", "orange", [ "v0.3", "h-28.8", "v326.4" ] ],
    [ "ultrasonic1:GND", "esp:GND.2", "black", [ "h-1.2", "v124.8", "h124.8", "v48" ] ],
    [ "ultrasonic1:VCC", "esp:5V", "red", [ "v0" ] ],
    [ "ultrasonic1:TRIG", "esp:12", "green", [ "v0" ] ],
    [ "ultrasonic1:ECHO", "esp:14", "blue", [ "v0" ] ],
    [ "servo1:GND", "esp:GND.2", "black", [ "h-19.2", "v-105.6", "h144", "v-220.8", "h-19.2" ] ],
    [ "esp:5V", "servo1:V+", "red", [ "h-38.25", "v48", "h-0.3", "v105.5" ] ],
    [ "servo1:PWM", "esp:27", "green", [ "h-48", "v-239.8" ] ],
    [ "cell2:GND", "esp:GND.2", "black", [ "h-28.8", "v47.7" ] ],
    [ "cell1:GND", "esp:GND.2", "black", [ "h-28.8", "v-77.1" ] ],
    [ "cell3:GND", "esp:GND.2", "black", [ "h-28.8", "v-192.3" ] ],
    [ "cell2:VCC", "esp:3V3", "red", [ "h-48", "v-38.4", "h-240.15" ] ],
    [ "cell1:VCC", "esp:3V3", "red", [ "h-48", "v-163.2", "h-240.15" ] ],
    [ "cell3:VCC", "esp:3V3", "red", [ "h-48", "v-278.4", "h-240.15" ] ],
    [ "cell2:DT", "esp:19", "blue", [ "h-134.4", "v105.1", "h-57.6" ] ],
    [ "cell2:SCK", "esp:23", "green", [ "h-115.2", "v37.6" ] ],
    [ "cell1:DT", "esp:18", "blue", [ "v-0.5", "h-134.4", "v-9.6" ] ],
    [ "cell1:SCK", "esp:5", "green", [ "h-153.6", "v-10.4" ] ],
    [ "cell3:DT", "esp:4", "blue", [ "h-38.4", "v-86.9" ] ],
    [ "cell3:SCK", "esp:2", "green", [ "h-57.6", "v-77.6" ] ],
    [ "esp:GND.1", "btn3:2.r", "black", [ "h0" ] ],
    [ "esp:GND.1", "btn2:2.r", "black", [ "h-67.05", "v-48.4" ] ],
    [ "esp:GND.1", "btn1:2.r", "black", [ "h-67.05", "v-96.4" ] ],
    [ "btn1:1.r", "esp:32", "green", [ "h68", "v48" ] ],
    [ "btn2:1.r", "esp:33", "green", [ "h77.6", "v9.6" ] ],
    [ "btn3:1.r", "esp:25", "green", [ "h68", "v-28.8" ] ],
    [ "dht1:GND", "esp:GND.1", "black", [ "v28.8", "h-182.4", "v-153.6", "h-201.6", "v-134.4" ] ],
    [ "esp:15", "dht1:SDA", "green", [ "h124.8", "v259.2", "h124.7" ] ],
    [ "dht1:VCC", "esp:3V3", "red", [ "h-67.2", "v-144", "h-278.4", "v-240" ] ]
  ],
  "dependencies": {}
}